AAV,20200410,5,5,4.7,4.9,74900
ACB,20200410,19,20.2,19,19.8,2517477
ACM,20200410,0.5,0.6,0.4,0.5,262700
AAV,20200409,4.7,5,4.7,5,75900
ACB,20200409,22.2,22.2,20,20,4068966
ACM,20200409,0.5,0.6,0.4,0.5,257765
ADC,20200409,12.1,13.4,12.1,12.6,300
AAV,20200408,4.8,5,4.7,4.9,104000
ACB,20200408,22.3,22.3,19.7,20.2,2331536
ACM,20200408,0.6,0.6,0.4,0.5,146800
ADC,20200408,13.4,13.4,13.4,13.4,100
AAV,20200407,5.1,5.2,4.9,4.9,81231
ACB,20200407,21,21,20,20.3,4467621
ACM,20200407,0.5,0.6,0.4,0.5,199055
ADC,20200407,12.3,12.3,12.3,12.3,100
AAV,20200406,4.9,5.2,4.8,5.1,103310
ACB,20200406,19.4,20.8,19.1,20.6,5757259
ACM,20200406,0.4,0.5,0.4,0.5,716001
ADC,20200406,11.2,11.2,11.2,11.2,100
AAV,20200403,4.6,5,4.6,5,48400
ACB,20200403,18.1,19.4,18.1,19.1,3574343
ACM,20200403,0.4,0.5,0.4,0.4,340650
ADC,20200403,10.2,10.2,10.2,10.2,100
AAV,20200401,4.8,4.8,4.5,4.8,86526
ACB,20200401,16.1,19,16.1,18.6,2761168
ACM,20200401,0.5,0.5,0.4,0.5,83325
AAV,20200331,4.7,4.9,4.5,4.8,56440
ACB,20200331,18.2,18.8,17.4,17.8,4532153
ACM,20200331,0.5,0.6,0.4,0.4,789055
ADC,20200331,11,11,11,11,100
AAV,20200330,4.9,5,4.7,4.9,113600
ACB,20200330,19.5,19.5,17.9,18.2,5925098
ACM,20200330,0.4,0.5,0.4,0.5,223500
ADC,20200330,12.2,12.2,12.2,12.2,1200
AAV,20200327,5,5.2,4.8,5,162300
ACB,20200327,19.7,20.1,19.5,19.7,3980631
ACM,20200327,0.6,0.6,0.5,0.5,144700
ADC,20200327,12.2,12.2,12.2,12.2,100
AAV,20200326,4.7,5.2,4.6,5,187900
ACB,20200326,20.6,20.6,19.7,19.7,3631529
ACM,20200326,0.5,0.6,0.4,0.6,350701
AAV,20200325,4.4,4.8,4.4,4.8,132100
ACB,20200325,20,20.8,20,20.5,4115341
ACM,20200325,0.5,0.6,0.4,0.5,594100
ADC,20200325,12.7,13.4,12.7,13.4,200
AAV,20200324,4.4,4.4,4.2,4.4,110700
ACB,20200324,19.1,19.9,19.1,19.6,4315784
ACM,20200324,0.6,0.6,0.5,0.5,123677
ADC,20200324,12.7,12.7,12.7,12.7,3700
AAV,20200323,4.8,4.8,4.4,4.4,19405
ACB,20200323,21.2,21.4,19.3,19.3,10024177
ACM,20200323,0.5,0.6,0.5,0.5,519256
AAV,20200320,4.7,4.8,4.7,4.8,3200
ACB,20200320,23.2,23.2,21,21.4,3341564
ACM,20200320,0.6,0.6,0.5,0.5,727798
AAV,20200319,4.7,4.7,4.6,4.7,2610
ACB,20200319,21,21.3,20.7,21.1,4083896
ACM,20200319,0.6,0.6,0.5,0.5,374600
ADC,20200319,13.3,13.3,13.3,13.3,100
AAV,20200318,4.9,4.9,4.8,4.9,58700
ACB,20200318,21.3,21.6,20.9,21.2,4944595
ACM,20200318,0.5,0.6,0.5,0.5,76005
ADC,20200318,13,13,13,13,100
AAV,20200317,4.7,4.9,4.7,4.9,40500
ACB,20200317,20.8,21.4,20.1,21.1,6568088
ACM,20200317,0.5,0.6,0.5,0.6,190720
ADC,20200317,13.2,13.2,13.2,13.2,100
AAV,20200316,4.7,4.9,4.6,4.7,84124
ACB,20200316,22,22.3,20.7,20.9,4614344
ACM,20200316,0.6,0.6,0.5,0.6,183978
ADC,20200316,13.2,13.2,13.2,13.2,1200
AAV,20200313,4.8,5,4.7,4.7,106900
ACB,20200313,21.5,22.5,20.5,22,9020091
ACM,20200313,0.6,0.6,0.5,0.5,781400
AAV,20200312,5.7,5.7,5.2,5.2,119400
ACB,20200312,23,23,21.5,22.1,11082125
ACM,20200312,0.6,0.6,0.4,0.6,1305945
AAV,20200311,6.1,6.2,5.5,5.7,196650
ACB,20200311,24.3,24.4,23,23.4,7841324
ACM,20200311,0.6,0.6,0.5,0.5,18500
AAV,20200310,6.2,6.2,5.9,6.1,181200
ACB,20200310,23,24.8,22.9,24.2,7582331
ACM,20200310,0.6,0.6,0.5,0.6,83200
AAV,20200309,6.7,6.7,6.2,6.2,59400
ACB,20200309,24.7,24.7,23,23.3,16776046
ACM,20200309,0.5,0.6,0.5,0.6,258445
ADC,20200309,16,16,16,16,2900
AAV,20200306,6.8,6.9,6.7,6.8,57400
ACB,20200306,25.5,25.5,25.1,25.3,3959935
ACM,20200306,0.6,0.6,0.5,0.5,73403
ADC,20200306,16,16,16,16,700
AAV,20200305,6.8,6.9,6.7,6.8,49550
ACB,20200305,26,26.4,25.4,25.6,5965022
ACM,20200305,0.5,0.7,0.5,0.6,197010
AAV,20200304,6.7,6.8,6.7,6.8,57615
ACB,20200304,25.6,25.8,25.3,25.8,5047583
ACM,20200304,0.6,0.6,0.5,0.6,214000
ADC,20200304,16.9,16.9,16.9,16.9,650
AAV,20200303,6.7,7,6.7,6.7,186046
ACB,20200303,25.6,25.9,25.3,25.6,6364207
ACM,20200303,0.6,0.7,0.5,0.6,231212
ADC,20200303,16.1,16.1,16.1,16.1,106
AAV,20200302,6.8,6.8,6.7,6.7,112710
ACB,20200302,24.4,25.5,24.4,25.2,3629494
ACM,20200302,0.7,0.7,0.6,0.6,277783
ADC,20200302,16.1,16.1,16.1,16.1,60
AAV,20200228,6.7,6.8,6.6,6.8,50200
ACB,20200228,23,25.3,23,25.2,5959642
ACM,20200228,0.6,0.7,0.5,0.7,349800
ADC,20200228,16.1,16.1,16.1,16.1,100
AAV,20200227,6.8,6.8,6.7,6.8,57600
ACB,20200227,24.2,25.5,24.2,25.5,5309790
ACM,20200227,0.6,0.7,0.5,0.6,187715
AAV,20200226,6.8,6.8,6.7,6.8,62600
ACB,20200226,25,25.1,24.3,24.6,4519324
ACM,20200226,0.6,0.6,0.5,0.6,59418
ADC,20200226,14.7,14.7,14.7,14.7,19210
AAV,20200225,6.8,6.9,6.7,6.8,72556
ACB,20200225,23.5,25.1,23.1,25.1,8279866
ACM,20200225,0.6,0.6,0.5,0.6,143500
AAV,20200224,6.8,6.9,6.7,6.9,49000
ACB,20200224,25.5,25.6,23.8,24,10321149
ACM,20200224,0.6,0.7,0.5,0.6,318700
ADC,20200224,15.8,15.8,15.8,15.8,500
AAV,20200221,7,7.1,6.9,7,61300
ACB,20200221,24.9,26.6,24.9,25.7,6333926
ACM,20200221,0.6,0.7,0.6,0.6,238483
AAV,20200220,7,7.2,6.8,7,130416
ACB,20200220,26.3,27,26.1,26.4,5578717
ACM,20200220,0.7,0.7,0.6,0.6,296700
AAV,20200219,6.9,7.1,6.9,7,133200
ACB,20200219,26.5,26.7,25.9,26.3,5091969
ACM,20200219,0.5,0.7,0.5,0.7,626700
AAV,20200218,7,7,6.8,7,48420
ACB,20200218,26.4,27.1,26.3,26.6,6293208
ACM,20200218,0.6,0.7,0.5,0.6,584800
AAV,20200217,7,7,6.8,7,45700
ACB,20200217,26.3,26.7,26,26.4,3764464
ACM,20200217,0.6,0.6,0.5,0.6,503400
AAV,20200214,7,7,6.7,7,57500
ACB,20200214,25.5,26.8,25.5,26.4,8018099
ACM,20200214,0.6,0.7,0.5,0.6,337500
AAV,20200213,7,7,6.8,7,84120
ACB,20200213,25.6,25.7,25.1,25.5,3773365
ACM,20200213,0.6,0.6,0.5,0.6,311400
AAV,20200212,7,7.1,6.9,7,61430
ACB,20200212,23.8,25.7,23.8,25.6,10516207
ACM,20200212,0.7,0.7,0.5,0.6,885650
AAV,20200211,7.2,7.2,7.1,7.1,39800
ACB,20200211,23.6,23.8,23.5,23.7,1862090
ACM,20200211,0.6,0.7,0.6,0.6,403698
AAV,20200210,7.1,7.3,6.9,7.2,67840
ACB,20200210,23.8,23.9,23.4,23.6,1271190
ACM,20200210,0.7,0.8,0.6,0.6,740515
ADC,20200210,15.8,15.8,15.8,15.8,10
AAV,20200207,7.2,7.4,7.2,7.2,70200
ACB,20200207,24,24.1,23.6,23.8,2007251
ACM,20200207,0.7,0.7,0.6,0.7,350800
AAV,20200206,7.5,7.6,7.2,7.4,95100
ACB,20200206,23.1,24,23,24,2980981
ACM,20200206,0.7,0.7,0.6,0.6,2719746
ADC,20200206,15.8,15.8,15.8,15.8,200
AAV,20200205,7.7,7.7,7.4,7.4,88500
ACB,20200205,23.4,23.5,22.9,23,2790275
ACM,20200205,0.6,0.6,0.6,0.6,1472410
AAV,20200204,7.6,7.8,7.5,7.8,80130
ACB,20200204,22.9,23.2,22.5,23.2,2397062
ACM,20200204,0.5,0.6,0.5,0.5,636056
AAV,20200203,7.9,7.9,7.3,7.6,80405
ACB,20200203,22.3,23,21.7,22.6,4430186
ACM,20200203,0.5,0.6,0.4,0.6,697314
AAV,20200131,8.2,8.3,7.9,8,75535
ACB,20200131,23.5,23.8,22.9,23,4243264
ACM,20200131,0.5,0.6,0.5,0.5,189300
ADC,20200131,15.6,15.8,15.6,15.8,1100
AAV,20200130,8.3,8.4,8.1,8.2,76900
ACB,20200130,24.2,24.3,23.2,23.6,4250097
ACM,20200130,0.6,0.6,0.5,0.5,750410
AAV,20200122,8.4,8.5,8.3,8.4,93235
ACB,20200122,24.6,24.6,24.3,24.5,1574379
ACM,20200122,0.6,0.6,0.5,0.6,342300
AAV,20200121,8.4,8.5,8.3,8.4,69900
ACB,20200121,24.5,24.7,24.3,24.5,1775816
ACM,20200121,0.5,0.6,0.5,0.6,735958
AAV,20200120,8.5,8.5,8.1,8.4,83100
ACB,20200120,23.8,24.7,23.8,24.3,4443379
ACM,20200120,0.5,0.5,0.5,0.5,1094683
AAV,20200117,8.8,8.9,8.2,8.5,126800
ACB,20200117,24,24.1,23.7,23.8,2706194
ACM,20200117,0.4,0.5,0.4,0.4,41600
AAV,20200116,8.7,9,8.7,8.8,122735
ACB,20200116,23.3,24,23.3,23.9,2819687
ACM,20200116,0.5,0.5,0.4,0.4,38200
AAV,20200115,8.8,8.9,8.6,8.7,103500
ACB,20200115,23.5,23.5,23.2,23.3,1158657
ACM,20200115,0.5,0.5,0.4,0.4,15200
AAV,20200114,8.8,8.9,8.7,8.8,102411
ACB,20200114,22.9,23.5,22.9,23.5,2851982
ACM,20200114,0.5,0.5,0.4,0.5,207525
AAV,20200113,9,9,8.8,8.8,103800
ACB,20200113,22.9,22.9,22.7,22.9,1523181
ACM,20200113,0.4,0.5,0.3,0.4,59098
ADC,20200113,15.8,15.8,15.8,15.8,200
AAV,20200110,8.5,9,8.5,9,296900
ACB,20200110,22.5,23.1,22.5,22.7,2371501
ACM,20200110,0.4,0.5,0.4,0.4,29600
ADC,20200110,16,16,15.8,15.8,402
AAV,20200109,8.4,8.7,8.3,8.5,193000
ACB,20200109,22.2,22.6,22.2,22.4,1422248
ACM,20200109,0.3,0.4,0.3,0.4,297700
AAV,20200108,8.5,8.7,8.3,8.4,128300
ACB,20200108,22.5,22.5,22,22.1,2304937
ACM,20200108,0.4,0.5,0.3,0.3,90700
ADC,20200108,16,16,16,16,200
AAV,20200107,8.4,8.7,8.4,8.5,126700
ACB,20200107,22.5,22.7,22.5,22.5,1050934
ACM,20200107,0.4,0.4,0.3,0.4,28000
AAV,20200106,8.4,8.5,8.3,8.4,122400
ACB,20200106,23,23,22.5,22.5,1286035
ACM,20200106,0.4,0.4,0.3,0.4,206500
ADC,20200106,15.8,15.8,15.8,15.8,60
AAV,20200103,8.6,8.7,8.4,8.4,131222
ACB,20200103,23,23.2,22.9,23,1055528
ACM,20200103,0.5,0.5,0.4,0.4,97800
AAV,20200102,8.8,8.9,8.6,8.6,170305
ACB,20200102,22.8,23,22.7,23,1163109
ACM,20200102,0.5,0.5,0.3,0.5,310010
AAV,20191231,8.6,8.8,8.4,8.8,171910
ACB,20191231,22.7,22.9,22.5,22.8,1649842
ACM,20191231,0.4,0.5,0.3,0.4,154610
AAV,20191230,8.3,8.7,8.3,8.7,159000
ACB,20191230,22.7,22.9,22.6,22.7,1367912
ACM,20191230,0.4,0.5,0.3,0.4,325110
AAV,20191227,8.3,8.4,8.1,8.4,123500
ACB,20191227,22.6,22.7,22.5,22.7,906262
ACM,20191227,0.4,0.5,0.4,0.4,508189
ADC,20191227,15.8,15.8,15.8,15.8,24
AAV,20191226,8.3,8.4,8.1,8.3,122993
ACB,20191226,22.8,22.8,22.6,22.6,893827
ACM,20191226,0.4,0.5,0.4,0.5,43423
AAV,20191225,7.9,8.3,7.8,8.3,196206
ACB,20191225,22.8,22.9,22.6,22.9,1121331
ACM,20191225,0.4,0.5,0.4,0.4,31700
AAV,20191224,7.7,8,7.6,7.9,140610
ACB,20191224,22.9,22.9,22.7,22.7,821359
ACM,20191224,0.5,0.5,0.4,0.4,122350
AAV,20191223,7.7,7.7,7.5,7.7,68000
ACB,20191223,22.7,23,22.7,22.8,1786089
ACM,20191223,0.5,0.5,0.4,0.5,63900
AAV,20191220,7.6,7.9,7.5,7.7,100500
ACB,20191220,22.6,22.7,22.5,22.7,1043390
ACM,20191220,0.5,0.5,0.4,0.5,112610
AAV,20191219,7.9,7.9,7.7,7.8,50421
ACB,20191219,22.6,22.6,22.4,22.5,625416
ACM,20191219,0.4,0.5,0.4,0.4,42800
AAV,20191218,8,8,7.7,7.9,52308
ACB,20191218,22.7,22.8,22.5,22.5,1132793
ACM,20191218,0.5,0.5,0.4,0.4,69800
AAV,20191217,8.3,8.3,7.9,8,63120
ACB,20191217,23,23,22.8,22.8,940104
ACM,20191217,0.4,0.5,0.4,0.5,253090
AAV,20191216,8.3,8.3,8.1,8.3,33700
ACB,20191216,23.2,23.2,23,23,951838
ACM,20191216,0.5,0.5,0.4,0.4,34300
AAV,20191213,8.3,8.4,8.2,8.3,31900
ACB,20191213,23,23.3,23,23.2,1445939
ACM,20191213,0.4,0.5,0.4,0.4,140017
AAV,20191212,8.3,8.4,8.2,8.3,130200
ACB,20191212,22.9,23.1,22.9,23,656342
ACM,20191212,0.5,0.5,0.4,0.4,70727
AAV,20191211,8.3,8.4,8.3,8.3,113375
ACB,20191211,22.8,22.9,22.6,22.9,785569
ACM,20191211,0.4,0.5,0.4,0.4,28808
AAV,20191210,8.4,8.5,8.1,8.3,56707
ACB,20191210,22.9,23,22.6,22.8,573899
ACM,20191210,0.5,0.5,0.4,0.4,60301
ADC,20191210,16,16,15.8,15.8,4200
AAV,20191209,8.4,8.5,8.3,8.4,51500
ACB,20191209,23,23,22.7,22.9,814425
ACM,20191209,0.4,0.5,0.4,0.4,96400
ADC,20191209,16,16,15.8,15.8,2000
AAV,20191206,8.5,8.6,8.2,8.4,59340
ACB,20191206,23,23.1,22.9,23,698762
ACM,20191206,0.5,0.5,0.4,0.4,170000
ADC,20191206,15.8,15.8,15.8,15.8,500
AAV,20191205,8.5,8.5,8.4,8.5,69100
ACB,20191205,23.2,23.2,22.9,23,1242216
ACM,20191205,0.4,0.5,0.3,0.4,342700
ADC,20191205,15.8,15.8,15.8,15.8,400
AAV,20191204,8.5,8.5,8.3,8.5,105200
ACB,20191204,22.7,23.1,22.5,23.1,1314925
ACM,20191204,0.4,0.4,0.3,0.4,183700
AAV,20191203,8.3,8.6,8.3,8.6,55100
ACB,20191203,22.7,22.9,22.4,22.6,1422078
ACM,20191203,0.4,0.4,0.3,0.4,453201
AAV,20191202,8.5,8.5,8.3,8.3,50654
ACB,20191202,23.1,23.2,22.5,22.6,1640609
ACM,20191202,0.4,0.5,0.3,0.4,92600
AAV,20191129,8.7,8.7,8.4,8.5,43100
ACB,20191129,22.9,23.1,22.8,23.1,800193
ACM,20191129,0.5,0.5,0.4,0.4,207411
AAV,20191128,8.8,8.8,8.7,8.7,44800
ACB,20191128,23.3,23.3,22.8,22.9,1688171
ACM,20191128,0.4,0.4,0.3,0.4,201200
AAV,20191127,8.8,8.8,8.6,8.8,37300
ACB,20191127,23.6,23.7,23.2,23.2,952900
ACM,20191127,0.4,0.5,0.3,0.3,732111
AAV,20191126,8.7,8.8,8.7,8.8,56415
ACB,20191126,23.5,23.7,23.5,23.6,577968
ACM,20191126,0.5,0.5,0.4,0.4,308100
AAV,20191125,8.8,8.8,8.7,8.7,55639
ACB,20191125,23.3,23.6,23.2,23.4,1949233
ACM,20191125,0.5,0.5,0.4,0.4,271300
ADC,20191125,15.8,15.8,15.8,15.8,5000
AAV,20191122,8.9,8.9,8.7,8.7,64400
ACB,20191122,24,24,23.1,23.2,3363603
ACM,20191122,0.5,0.5,0.4,0.4,59000
ADC,20191122,15.8,15.8,15.8,15.8,520
AAV,20191121,8.9,8.9,8.8,8.9,44700
ACB,20191121,22,24.1,22,24,1782516
ACM,20191121,0.5,0.5,0.4,0.4,14611
AAV,20191120,8.9,8.9,8.9,8.9,51700
ACB,20191120,24.3,24.3,23.9,23.9,1357644
ACM,20191120,0.5,0.5,0.4,0.5,4600
AAV,20191119,8.8,8.9,8.7,8.9,83700
ACB,20191119,24.1,24.2,24,24.2,1398481
ACM,20191119,0.4,0.5,0.4,0.4,385200
AAV,20191118,8.8,8.9,8.7,8.8,50940
ACB,20191118,24.4,24.5,24,24.1,2764302
ACM,20191118,0.4,0.5,0.4,0.4,193500
AAV,20191115,8.8,8.8,8.7,8.8,63500
ACB,20191115,24.4,24.6,24.4,24.4,1652242
ACM,20191115,0.4,0.5,0.4,0.4,63000
AAV,20191114,8.8,8.9,8.7,8.8,78056
ACB,20191114,25,25.1,24.5,24.5,2291325
ACM,20191114,0.5,0.5,0.4,0.4,22900
AAV,20191113,8.8,8.9,8.7,8.8,64740
ACB,20191113,24.7,25.3,24.7,25,3575361
ACM,20191113,0.5,0.5,0.4,0.5,91200
AAV,20191112,8.9,9,8.7,8.8,76300
ACB,20191112,24.7,24.7,24.5,24.7,1574994
ACM,20191112,0.4,0.5,0.4,0.4,56410
ADC,20191112,16,16,16,16,100
AAV,20191111,9.1,9.1,8.9,8.9,54800
ACB,20191111,24.8,24.9,24.7,24.7,1719955
ACM,20191111,0.4,0.5,0.4,0.4,20900
AAV,20191108,9.1,9.1,9.1,9.1,51800
ACB,20191108,24.9,25.1,24.6,24.8,3921492
ACM,20191108,0.4,0.5,0.4,0.4,23400
AAV,20191107,9.1,9.2,9,9.1,93600
ACB,20191107,24.6,24.7,24.5,24.6,2102499
ACM,20191107,0.4,0.5,0.4,0.4,81000
AAV,20191106,9,9.1,9,9.1,101529
ACB,20191106,24.8,24.8,24.5,24.6,2507149
ACM,20191106,0.5,0.5,0.4,0.4,69200
AAV,20191105,9,9,8.9,9,50300
ACB,20191105,24.7,24.9,24.6,24.6,3578931
ACM,20191105,0.4,0.5,0.4,0.5,64900
ADC,20191105,16,16,16,16,500
AAV,20191104,9.1,9.1,9,9,57806
ACB,20191104,24.2,24.7,24.2,24.6,3939389
ACM,20191104,0.4,0.5,0.4,0.4,169100
AAV,20191101,9,9.1,8.9,9.1,129632
ACB,20191101,23.7,24.3,23.7,24.2,1907428
ACM,20191101,0.5,0.5,0.4,0.4,41000
ADC,20191101,15.8,15.8,15.8,15.8,200
AAV,20191031,9,9,8.8,8.9,57500
ACB,20191031,24.3,24.4,24.1,24.1,1293107
ACM,20191031,0.5,0.5,0.4,0.4,120409
ADC,20191031,16,16,16,16,200
AAV,20191030,9,9,8.9,8.9,88400
ACB,20191030,23.8,24.4,23.6,24.3,7431303
ACM,20191030,0.5,0.5,0.4,0.5,192001
ADC,20191030,16,16,16,16,800
AAV,20191029,9,9.1,8.9,9,73704
ACB,20191029,23.8,23.9,23.6,23.7,1702377
ACM,20191029,0.4,0.5,0.4,0.5,229700
ADC,20191029,16.8,16.8,16.5,16.5,1450
AAV,20191028,9,9.1,9,9,53661
ACB,20191028,23.6,23.9,23.6,23.7,1090296
ACM,20191028,0.5,0.5,0.4,0.5,135200
AAV,20191025,9,9,8.9,9,62230
ACB,20191025,23.6,23.6,23.4,23.6,1105479
ACM,20191025,0.4,0.5,0.4,0.4,130500
AAV,20191024,9.1,9.1,8.9,9,91500
ACB,20191024,23.6,23.6,23.4,23.6,921275
ACM,20191024,0.5,0.5,0.4,0.4,195500
AAV,20191023,9.1,9.2,9,9.1,85565
ACB,20191023,23.5,23.7,23.5,23.5,983685
ACM,20191023,0.4,0.5,0.4,0.4,157300
AAV,20191022,9.1,9.2,9,9.2,62811
ACB,20191022,23.4,23.5,23.3,23.5,1660272
ACM,20191022,0.4,0.5,0.4,0.4,102101
AAV,20191021,9.1,9.1,9,9.1,51932
ACB,20191021,24,24.2,23.4,23.4,2742188
ACM,20191021,0.4,0.5,0.4,0.5,94409
AAV,20191018,9.2,9.3,9.1,9.1,73300
ACB,20191018,24.5,24.5,24,24.1,1865732
ACM,20191018,0.4,0.5,0.4,0.5,246900
AAV,20191017,9.3,9.3,9.1,9.2,71519
ACB,20191017,24.3,24.4,24.1,24.4,1915729
ACM,20191017,0.4,0.5,0.4,0.4,134900
AAV,20191016,9.3,9.4,9.2,9.3,267700
ACB,20191016,24.5,24.6,24.4,24.4,2073772
ACM,20191016,0.5,0.5,0.4,0.5,61900
AAV,20191015,9.2,9.3,9,9.3,70200
ACB,20191015,24.5,24.6,24.3,24.4,2327203
ACM,20191015,0.4,0.5,0.4,0.4,192800
AAV,20191014,9.2,9.4,8.9,9.3,141900
ACB,20191014,24,24.5,24,24.5,3538655
ACM,20191014,0.4,0.5,0.4,0.4,40822
AAV,20191011,9.1,9.2,9,9,66190
ACB,20191011,24,24.2,23.9,24,1525076
ACM,20191011,0.5,0.5,0.4,0.4,25200
AAV,20191010,9.1,9.1,8.9,9,85500
ACB,20191010,23.7,24.3,23.7,24,4857384
ACM,20191010,0.4,0.5,0.4,0.4,86100
AAV,20191009,9.2,9.3,9,9.1,104800
ACB,20191009,23.4,23.7,23.3,23.7,1715656
ACM,20191009,0.4,0.5,0.4,0.4,1202
ADC,20191009,17,17,17,17,20
AAV,20191008,9.1,9.2,9,9.2,111200
ACB,20191008,23.2,23.4,23.1,23.3,1159716
ACM,20191008,0.4,0.5,0.4,0.5,7600
AAV,20191007,9.1,9.3,9,9.1,70308
ACB,20191007,23.6,23.6,23.2,23.2,1931392
ACM,20191007,0.4,0.5,0.4,0.4,13520
AAV,20191004,8.9,9.2,8.8,9.1,150050
ACB,20191004,23.6,23.8,23.5,23.6,1582366
ACM,20191004,0.5,0.6,0.4,0.5,76200
AAV,20191003,8.9,9,8.8,8.9,103925
ACB,20191003,23.5,23.6,23.3,23.6,1856827
ACM,20191003,0.5,0.6,0.4,0.5,26400
AAV,20191002,8.9,9.1,8.8,8.8,74400
ACB,20191002,23.5,23.8,23.5,23.6,2160049
ACM,20191002,0.4,0.6,0.4,0.5,72210
ADC,20191002,16,17,16,17,3810
AAV,20191001,9,9.1,8.7,9,155862
ACB,20191001,23.4,23.7,23.3,23.7,1846967
ACM,20191001,0.5,0.6,0.4,0.5,335309
ADC,20191001,15.1,15.9,15.1,15.9,400
AAV,20190930,9.1,9.2,9,9,117660
ACB,20190930,23.3,23.6,23.2,23.4,2304040
ACM,20190930,0.4,0.5,0.4,0.5,51701
ADC,20190930,14.7,14.7,14.7,14.7,37
AAV,20190927,9.1,9.2,9,9.1,185000
ACB,20190927,25,25,23.2,23.2,2163685
ACM,20190927,0.4,0.5,0.4,0.5,58010
AAV,20190926,9.1,9.2,9,9.1,143057
ACB,20190926,23,23.3,22.9,23.3,2320597
ACM,20190926,0.5,0.5,0.4,0.5,48000
AAV,20190925,9.2,9.3,9,9.1,138520
ACB,20190925,23.1,23.2,22.9,23,1522720
ACM,20190925,0.5,0.5,0.5,0.5,38200
AAV,20190924,9.2,9.3,9,9.2,97013
ACB,20190924,23.3,23.4,23.1,23.2,1324749
ACM,20190924,0.4,0.5,0.4,0.5,205720
AAV,20190923,9.1,9.3,9.1,9.2,135930
ACB,20190923,23.2,23.6,23.1,23.3,2878182
ACM,20190923,0.4,0.5,0.4,0.4,139900
AAV,20190920,9.2,9.4,9,9.1,151456
ACB,20190920,23.5,25.4,23.1,23.2,2535289
ACM,20190920,0.4,0.5,0.4,0.5,72100
ADC,20190920,14.7,14.7,14.7,14.7,1000
AAV,20190919,10,10.1,9.1,9.1,344708
ACB,20190919,22.4,23.2,22.3,23.1,3421555
ACM,20190919,0.5,0.5,0.4,0.5,45309
AAV,20190918,10.3,10.4,9.9,9.9,149800
ACB,20190918,22.3,22.6,22.2,22.4,1542208
ACM,20190918,0.5,0.6,0.4,0.5,51201
AAV,20190917,10.2,10.4,10,10.3,235400
ACB,20190917,22.4,22.4,22.1,22.3,1189898
ACM,20190917,0.6,0.6,0.5,0.5,337810
AAV,20190916,10.1,10.3,10.1,10.2,157700
ACB,20190916,22.6,22.7,22.3,22.4,1238267
ACM,20190916,0.5,0.5,0.4,0.5,188600
AAV,20190913,10,10.4,9.9,10.1,339310
ACB,20190913,22.3,22.6,22.1,22.6,1325067
ACM,20190913,0.6,0.6,0.4,0.4,153200
AAV,20190912,10.1,10.2,9.9,10,222397
ACB,20190912,21.9,22.2,21.8,22.2,622048
ACM,20190912,0.6,0.6,0.5,0.5,174320
ADC,20190912,14.7,14.7,14.7,14.7,200
AAV,20190911,10,10.1,9.8,10.1,142450
ACB,20190911,21.7,21.8,21.6,21.8,429890
ACM,20190911,0.5,0.6,0.4,0.6,191700
AAV,20190910,10.5,10.6,10,10,190576
ACB,20190910,21.9,21.9,21.6,21.7,821441
ACM,20190910,0.5,0.6,0.4,0.5,434100
AAV,20190909,10.6,10.8,10.4,10.4,144814
ACB,20190909,21.8,22,21.7,21.9,369511
ACM,20190909,0.4,0.5,0.4,0.5,218800
ADC,20190909,14.9,14.9,14.8,14.8,1110
AAV,20190906,10.7,10.8,10.4,10.6,194999
ACB,20190906,22,22.1,21.7,21.9,516662
ACM,20190906,0.5,0.6,0.4,0.4,198400
AAV,20190905,10.6,10.7,10.4,10.7,224200
ACB,20190905,22.1,22.1,21.9,22,625327
ACM,20190905,0.5,0.6,0.4,0.5,202400
AAV,20190904,10.6,10.8,10.4,10.6,199499
ACB,20190904,22.1,22.1,21.8,22,365320
ACM,20190904,0.5,0.5,0.4,0.5,497730
ADC,20190904,14.8,14.8,14.8,14.8,3200
AAV,20190903,10.9,11,10.8,10.8,174677
ACB,20190903,22.2,22.4,21.9,22.1,484897
ACM,20190903,0.6,0.6,0.4,0.4,517800
ADC,20190903,15,15,15,15,50
AAV,20190830,10.9,11,10.8,11,335536
ACB,20190830,22.3,22.5,22.1,22.2,544010
ACM,20190830,0.5,0.6,0.4,0.5,401500
AAV,20190829,10.8,11,10.7,10.9,348300
ACB,20190829,22.3,22.4,22,22.1,636900
ACM,20190829,0.6,0.6,0.5,0.5,1013922
ADC,20190829,15,15,15,15,1000
AAV,20190828,10.4,11,10.1,10.8,263648
ACB,20190828,22.4,22.5,22.2,22.2,513225
ACM,20190828,0.7,0.7,0.6,0.6,1067575
AAV,20190827,10.4,10.6,10.3,10.4,180980
ACB,20190827,22.4,22.6,22.3,22.5,1016097
ACM,20190827,0.6,0.6,0.5,0.6,990500
AAV,20190826,10.7,10.9,10.3,10.3,172169
ACB,20190826,22.5,22.5,22.1,22.5,1015427
ACM,20190826,0.4,0.5,0.4,0.5,987900
AAV,20190823,10.5,10.7,10.3,10.7,262810
ACB,20190823,22.7,22.8,22.4,22.6,815330
ACM,20190823,0.4,0.5,0.4,0.4,232600
ADC,20190823,14.5,14.5,14.5,14.5,4700
AAV,20190822,10.9,11,10.5,10.6,259003
ACB,20190822,22.5,22.8,22.4,22.7,1653260
ACM,20190822,0.5,0.5,0.4,0.5,131800
AAV,20190821,10.7,11.2,10.7,10.9,379108
ACB,20190821,22.2,22.4,22.1,22.3,2791144
ACM,20190821,0.5,0.5,0.4,0.4,149540
AAV,20190820,10.8,10.9,10.6,10.8,330960
ACB,20190820,22.1,22.3,22.1,22.2,1318890
ACM,20190820,0.5,0.5,0.4,0.4,111400
AAV,20190819,11,11,10.7,10.7,163215
ACB,20190819,22,22.3,21.9,22,1209980
ACM,20190819,0.5,0.5,0.4,0.5,159910
AAV,20190816,10.6,11.1,10.5,10.9,294267
ACB,20190816,21.9,22.1,21.5,21.9,1536110
ACM,20190816,0.5,0.5,0.4,0.4,51400
ADC,20190816,14.5,14.5,14.5,14.5,5600
AAV,20190815,10.4,10.7,10,10.6,303700
ACB,20190815,21.7,21.7,21.3,21.7,1470311
ACM,20190815,0.4,0.5,0.4,0.4,121900
AAV,20190814,10.9,11,10.5,10.5,275828
ACB,20190814,22,22.2,21.7,21.7,906910
ACM,20190814,0.5,0.5,0.4,0.4,43950
AAV,20190813,11.2,11.2,10.6,10.9,269480
ACB,20190813,21.9,22,21.6,21.9,574727
ACM,20190813,0.5,0.5,0.4,0.4,84000
AAV,20190812,11,11.2,10.9,11.2,337649
ACB,20190812,22,22,21.8,22,578401
ACM,20190812,0.5,0.5,0.4,0.4,152600
AAV,20190809,10.9,11.3,10.9,11,367724
ACB,20190809,21.4,22.3,21.4,21.9,726110
ACM,20190809,0.5,0.5,0.4,0.4,120050
ADC,20190809,14.5,14.5,14.5,14.5,25
AAV,20190808,11.1,11.2,10.8,11,284747
ACB,20190808,20.6,22,20,22,1066927
ACM,20190808,0.5,0.5,0.4,0.4,83800
AAV,20190807,11.3,11.4,10.9,11.1,276785
ACB,20190807,21.8,22,21.6,21.6,1031673
ACM,20190807,0.4,0.5,0.4,0.5,444600
ADC,20190807,14.5,14.5,14.5,14.5,10
AAV,20190806,10.9,11.6,10.6,11.3,515148
ACB,20190806,20.5,21.9,20.5,21.7,1820835
ACM,20190806,0.5,0.5,0.4,0.4,162000
AAV,20190805,10.4,10.9,10.4,10.9,340053
ACB,20190805,22.3,22.3,21.8,22,2538864
ACM,20190805,0.5,0.5,0.4,0.5,198400
ADC,20190805,14.5,14.5,14.5,14.5,100
AAV,20190802,10.2,10.7,10.2,10.4,337242
ACB,20190802,22.5,22.6,22,22.3,1774559
ACM,20190802,0.4,0.5,0.4,0.4,396500
AAV,20190801,10.2,10.3,10,10.2,117655
ACB,20190801,22.7,23,22.4,22.5,1903052
ACM,20190801,0.5,0.5,0.4,0.5,86400
AAV,20190731,10.4,10.6,10.2,10.2,211985
ACB,20190731,23.1,23.1,22.7,22.8,893714
ACM,20190731,0.4,0.5,0.4,0.5,54600
ADC,20190731,14.6,14.6,14.5,14.5,1900
AAV,20190730,9.6,10.5,9.6,10.4,375003
ACB,20190730,22.8,23.3,22.8,22.9,1100105
ACM,20190730,0.5,0.5,0.4,0.5,96000
AAV,20190729,9.6,9.7,9.5,9.6,86300
ACB,20190729,23.2,23.4,22.9,23,1258626
ACM,20190729,0.5,0.5,0.4,0.5,171700
AAV,20190726,9.5,9.7,9.5,9.6,163770
ACB,20190726,23.8,23.8,23.3,23.4,1052101
ACM,20190726,0.4,0.5,0.4,0.5,295100
ADC,20190726,14.5,14.5,14.3,14.3,1400
AAV,20190725,9.5,9.7,9.3,9.5,144590
ACB,20190725,23.8,24.1,23.7,23.7,2097782
ACM,20190725,0.4,0.5,0.4,0.4,122610
AAV,20190724,9.5,9.7,9.5,9.6,112500
ACB,20190724,30.8,31.1,30.3,30.7,3961188
ACM,20190724,0.5,0.5,0.4,0.4,177800
ADC,20190724,14.5,14.5,14.5,14.5,100
AAV,20190723,9.8,9.8,9.5,9.5,72404
ACB,20190723,31,31.1,30.7,30.8,1951764
ACM,20190723,0.5,0.5,0.4,0.5,22200
AAV,20190722,9.5,9.8,9.5,9.8,246525
ACB,20190722,34.3,34.3,30.7,31,1903199
ACM,20190722,0.5,0.5,0.4,0.5,59600
AAV,20190719,9.7,9.7,9.5,9.6,105355
ACB,20190719,32,32,30.8,31.2,2877999
ACM,20190719,0.4,0.5,0.4,0.4,48900
ADC,20190719,15,15,15,15,640
AAV,20190718,9.7,9.7,9.6,9.7,174100
ACB,20190718,30.4,30.8,30.2,30.8,1601573
ACM,20190718,0.4,0.5,0.4,0.4,40200
AAV,20190717,9.4,9.7,9.4,9.6,216710
ACB,20190717,30.2,30.9,30.2,30.7,2508774
ACM,20190717,0.4,0.5,0.4,0.4,135920
AAV,20190716,9.2,9.4,9.2,9.4,156835
ACB,20190716,30,30.4,30,30.2,1196262
ACM,20190716,0.4,0.5,0.4,0.5,7500
AAV,20190715,9.2,9.3,9.2,9.2,154469
ACB,20190715,30.1,30.2,29.9,30,933272
ACM,20190715,0.5,0.5,0.4,0.4,58800
ADC,20190715,15.6,15.6,15.6,15.6,100
AAV,20190712,9.1,9.2,9.1,9.2,86810
ACB,20190712,30.3,30.4,30,30.1,888185
ACM,20190712,0.5,0.5,0.4,0.5,101500
AAV,20190711,9.3,9.3,9.1,9.2,69405
ACB,20190711,29.6,30.4,29.6,30.2,2082872
ACM,20190711,0.4,0.5,0.4,0.5,356600
AAV,20190710,9.2,9.3,9.2,9.3,74481
ACB,20190710,29.8,30,29.6,29.6,1121395
ACM,20190710,0.6,0.6,0.4,0.4,214200
AAV,20190709,9.2,9.2,9.1,9.2,53300
ACB,20190709,29,29.8,29,29.8,2778824
ACM,20190709,0.5,0.6,0.5,0.5,163000
AAV,20190708,9.1,9.2,9.1,9.2,12187
ACB,20190708,29.2,29.4,28.9,29,428679
ACM,20190708,0.6,0.6,0.5,0.5,48900
AAV,20190705,9.2,9.2,9,9.1,17886
ACB,20190705,29.3,29.4,29.1,29.2,799873
ACM,20190705,0.6,0.6,0.5,0.5,380810
AAV,20190704,9.1,9.2,9.1,9.1,36224
ACB,20190704,28.9,29.3,28.9,29.2,925764
ACM,20190704,0.6,0.6,0.5,0.6,204100
ADC,20190704,15.6,15.6,15.6,15.6,3500
AAV,20190703,8.9,9.2,8.9,9.1,117010
ACB,20190703,29,29.1,28.7,28.8,643573
ACM,20190703,0.5,0.6,0.5,0.5,62100
ADC,20190703,15,15,14.2,14.2,500
AAV,20190702,9,9.1,8.9,9,52826
ACB,20190702,29.2,29.2,28.9,28.9,388434
ACM,20190702,0.6,0.6,0.5,0.5,73700
AAV,20190701,9,9,8.8,9,85411
ACB,20190701,29.4,29.4,29,29.2,640739
ACM,20190701,0.5,0.6,0.4,0.5,70700
ADC,20190701,15.5,15.5,15.5,15.5,390
AAV,20190628,9.2,9.5,8.9,9,93057
ACB,20190628,28.6,28.9,28.5,28.9,670700
ACM,20190628,0.5,0.6,0.5,0.5,211100
ADC,20190628,16.5,16.5,16.5,16.5,400
AAV,20190627,10,10,9.9,10,127718
ACB,20190627,29,29.1,28.6,28.6,873525
ACM,20190627,0.6,0.6,0.4,0.6,177100
AAV,20190626,10,10.1,10,10.1,136200
ACB,20190626,29,29.2,29,29,389568
ACM,20190626,0.6,0.6,0.5,0.5,110120
AAV,20190625,10.1,10.1,9.9,10,126400
ACB,20190625,29.5,29.6,29,29.2,1331315
ACM,20190625,0.6,0.6,0.5,0.5,338900
ADC,20190625,16.6,16.6,16.6,16.6,100
AAV,20190624,10,10.1,9.9,10.1,137800
ACB,20190624,29.5,29.7,29.4,29.5,1421227
ACM,20190624,0.6,0.6,0.5,0.5,60500
ADC,20190624,16.6,16.6,16.6,16.6,100
AAV,20190621,10,10.1,9.9,10.1,97675
ACB,20190621,29.6,30,29.4,29.5,826692
ACM,20190621,0.6,0.6,0.4,0.5,301200
AAV,20190620,10.1,10.2,10,10.1,179330
ACB,20190620,28.9,29.6,28.8,29.6,1436398
ACM,20190620,0.5,0.6,0.4,0.5,224150
AAV,20190619,10.3,10.3,10,10.1,118635
ACB,20190619,28.9,29.1,28.8,28.9,506197
ACM,20190619,0.6,0.6,0.5,0.5,23500
AAV,20190618,10,10.3,10,10.1,253900
ACB,20190618,28.7,29,28.7,28.9,769216
ACM,20190618,0.5,0.6,0.5,0.5,78900
AAV,20190617,10,10,10,10,57805
ACB,20190617,28.7,28.9,28.6,28.7,896432
ACM,20190617,0.6,0.6,0.5,0.5,45200
ADC,20190617,15.5,15.5,15.5,15.5,600
AAV,20190614,10.1,10.2,9.9,10,161810
ACB,20190614,28.6,29,28.6,28.7,1047441
ACM,20190614,0.5,0.6,0.5,0.5,44900
AAV,20190613,10,10.1,10,10.1,84818
ACB,20190613,28.5,28.7,28.5,28.6,846792
ACM,20190613,0.6,0.6,0.5,0.5,287760
ADC,20190613,15.3,15.3,15.3,15.3,1000
AAV,20190612,10.1,10.1,9.9,10,148000
ACB,20190612,28.6,28.7,28.5,28.5,557708
ACM,20190612,0.5,0.6,0.5,0.6,71400
ADC,20190612,17,17,17,17,210
AAV,20190611,10,10.2,9.9,10.1,99510
ACB,20190611,28.6,28.7,28.6,28.6,563995
ACM,20190611,0.5,0.6,0.5,0.5,147700
AAV,20190610,10,10.2,10,10.1,174330
ACB,20190610,28.7,28.9,28.6,28.6,463155
ACM,20190610,0.5,0.6,0.5,0.5,51500
ADC,20190610,15.5,15.5,15.5,15.5,100
AAV,20190607,10,10.1,9.9,10,99605
ACB,20190607,28.5,28.8,28.5,28.7,282088
ACM,20190607,0.5,0.6,0.5,0.5,28200
AAV,20190606,10,10.1,9.9,10,32510
ACB,20190606,28.9,28.9,28.4,28.5,912088
ACM,20190606,0.5,0.6,0.5,0.6,90000
ADC,20190606,14.6,14.6,14.6,14.6,20
AAV,20190605,9.9,10.2,9.9,10,180990
ACB,20190605,28.6,28.9,28.6,28.9,1056785
ACM,20190605,0.6,0.6,0.5,0.5,119000
AAV,20190604,10,10,9.8,9.9,83710
ACB,20190604,28.7,29,28.6,28.6,870018
ACM,20190604,0.6,0.6,0.5,0.5,223400
ADC,20190604,14.6,14.6,14.6,14.6,505
AAV,20190603,9.9,10,9.9,10,83900
ACB,20190603,28.7,29,28.6,28.7,1150302
ACM,20190603,0.6,0.6,0.5,0.5,183800
AAV,20190531,10,10,9.9,10,53600
ACB,20190531,29,29.1,28.7,29,1025615
ACM,20190531,0.6,0.6,0.5,0.5,47000
ADC,20190531,14.4,14.4,14.4,14.4,20
AAV,20190530,10,10,9.8,10,76450
ACB,20190530,29.1,29.2,29,29.1,725399
ACM,20190530,0.6,0.6,0.4,0.5,347311
AAV,20190529,10,10.1,9.9,10,84750
ACB,20190529,28.9,29.2,28.7,29.2,1083726
ACM,20190529,0.6,0.6,0.5,0.5,159800
ADC,20190529,14.4,14.4,14.4,14.4,205
AAV,20190528,10.1,10.1,9.9,10,78900
ACB,20190528,29,29.2,28.9,28.9,941132
ACM,20190528,0.6,0.6,0.5,0.6,114400
AAV,20190527,10,10.1,10,10.1,93745
ACB,20190527,29.1,29.2,29,29,911886
ACM,20190527,0.6,0.6,0.5,0.6,43520
AAV,20190524,10.1,10.2,9.9,10.1,242570
ACB,20190524,27.2,29.5,27.2,29.2,891367
ACM,20190524,0.6,0.6,0.5,0.5,1546000
AAV,20190523,10.2,10.3,10,10.2,109155
ACB,20190523,29.9,30,29.3,29.5,630966
ACM,20190523,0.5,0.6,0.5,0.5,137710
ADC,20190523,14.4,14.4,14.4,14.4,1100
AAV,20190522,10.1,10.3,10,10.2,305025
ACB,20190522,29.4,29.9,29.4,29.6,1274690
ACM,20190522,0.5,0.6,0.5,0.5,54600
ADC,20190522,14.4,14.4,14.4,14.4,10
AAV,20190521,10.4,10.4,10,10.1,599120
ACB,20190521,29.4,29.7,29.3,29.4,1385291
ACM,20190521,0.6,0.6,0.5,0.5,24100
AAV,20190520,10.7,10.7,10.1,10.4,637325
ACB,20190520,29.3,29.5,29.1,29.3,675438
ACM,20190520,0.6,0.6,0.5,0.6,42410
ADC,20190520,14.4,14.4,14.4,14.4,100
AAV,20190517,11.2,11.2,10.7,10.7,206320
ACB,20190517,29.3,29.4,29.2,29.2,852070
ACM,20190517,0.5,0.6,0.5,0.6,64100
ADC,20190517,14.5,14.5,14.5,14.5,700
AAV,20190516,10,11,9.9,11,1413027
ACB,20190516,29.6,29.6,29.2,29.3,1467241
ACM,20190516,0.6,0.6,0.5,0.5,81400
AAV,20190515,10,10.1,9.8,10,305430
ACB,20190515,29.1,29.7,29.1,29.5,1290890
ACM,20190515,0.5,0.6,0.5,0.6,94701
AAV,20190514,9.9,10,9.8,10,86557
ACB,20190514,29.2,29.3,28.9,29.1,1601854
ACM,20190514,0.6,0.6,0.5,0.6,138800
AAV,20190513,10,10.1,9.8,10,95800
ACB,20190513,29.4,29.6,29.2,29.2,913337
ACM,20190513,0.5,0.6,0.5,0.6,347600
AAV,20190510,10.1,10.1,9.8,10,161200
ACB,20190510,29.1,29.4,29,29.3,646916
ACM,20190510,0.6,0.7,0.5,0.6,364600
AAV,20190509,10.1,10.2,9.9,10,260700
ACB,20190509,29.4,29.5,29.1,29.1,603773
ACM,20190509,0.7,0.7,0.6,0.6,273400
AAV,20190508,10.2,10.2,9.8,10,201812
ACB,20190508,29.3,29.6,29.1,29.5,1019991
ACM,20190508,0.7,0.7,0.5,0.7,325400
AAV,20190507,10.3,10.3,10,10.1,136334
ACB,20190507,30,30,29.2,29.5,869471
ACM,20190507,0.6,0.7,0.6,0.6,462100
AAV,20190506,10.3,10.3,10.1,10.2,103398
ACB,20190506,30,30,29.4,29.4,1381176
AAV,20190503,10.2,10.3,10.2,10.3,214026
ACB,20190503,29.8,30,29.8,30,1115126
ACM,20190503,0.6,0.6,0.5,0.6,694400
AAV,20190502,10.2,10.3,10.1,10.2,264916
ACB,20190502,30.2,30.3,29.7,29.7,1134878
ADC,20190502,15.7,15.7,15.7,15.7,100
AAV,20190426,10,10.3,9.9,10.3,90884
ACB,20190426,30,30.2,29.9,30.1,1123078
ACM,20190426,0.6,0.7,0.5,0.5,525500
AAV,20190425,10.1,10.1,10,10.1,21815
ACB,20190425,30.1,30.4,29.9,30,745480
AAV,20190424,10.1,10.1,10,10.1,89100
ACB,20190424,29.7,30.2,29.5,30.1,1062284
AAV,20190423,10.1,10.2,9.9,10,141080
ACB,20190423,29.4,29.9,29.1,29.6,1651748
AAV,20190422,10.1,10.1,9.9,10.1,131200
ACB,20190422,29.7,29.7,29.1,29.3,1362678
AAV,20190419,10.2,10.2,10,10.1,183309
ACB,20190419,29.8,29.9,29.6,29.6,599302
ACM,20190419,0.5,0.6,0.4,0.6,1938600
AAV,20190418,10.1,10.3,9.9,10.2,155840
ACB,20190418,29.3,30,29.3,29.7,1019057
ADC,20190418,15,15,15,15,10
AAV,20190417,10.1,10.2,10,10.1,107011
ACB,20190417,30.1,30.3,29.9,29.9,688254
ADC,20190417,15,15,15,15,100
AAV,20190416,10.3,10.3,10,10.2,93770
ACB,20190416,30.2,30.2,29.8,30,1328836
AAV,20190412,10.3,10.3,10,10.3,175745
ACB,20190412,30.2,30.3,30,30.2,1051329
ACM,20190412,0.5,0.6,0.5,0.5,1611500
ADC,20190412,15.3,15.3,15.3,15.3,10
AAV,20190411,10.2,10.3,10.1,10.3,162100
ACB,20190411,30.6,30.6,30.1,30.3,905666
AAV,20190410,10.3,10.4,9.9,10.1,284845
ACB,20190410,30.3,30.5,30.2,30.2,868574
AAV,20190409,10.5,10.5,10.2,10.4,231830
ACB,20190409,30.8,31,30.5,30.5,1801683
AAV,20190408,10.4,10.6,10.2,10.5,194510
ACB,20190408,30.2,30.9,30.2,30.8,2224599
AAV,20190405,10.3,10.5,10.1,10.4,334948
ACB,20190405,30.2,30.4,30.1,30.2,767879
ACM,20190405,0.6,0.7,0.5,0.6,994100
AAV,20190404,10.2,10.4,10.2,10.3,265315
ACB,20190404,29.9,30.3,29.9,30.2,1091143
ACM,20190404,0.7,0.7,0.6,0.6,101700
AAV,20190403,10,10.2,10,10.2,148000
ACB,20190403,30.5,30.5,29.9,30.1,1394796
ACM,20190403,0.7,0.7,0.6,0.6,233700
ADC,20190403,15.3,15.3,15.3,15.3,100
AAV,20190402,10.1,10.3,9.9,10.1,363940
ACB,20190402,30.5,30.7,30.3,30.3,1184570
ACM,20190402,0.6,0.7,0.6,0.7,127300
AAV,20190401,10,10.2,9.9,10.1,211825
ACB,20190401,30.3,30.5,30.3,30.3,751744
ACM,20190401,0.6,0.7,0.5,0.6,1326400
AAV,20190329,10.2,10.3,10,10,222160
ACB,20190329,30.3,30.5,30.2,30.3,1915257
ACM,20190329,0.6,0.7,0.6,0.6,71900
AAV,20190328,10,10.5,9.9,10.2,447400
ACB,20190328,30.4,30.5,30.2,30.3,1366727
ACM,20190328,0.7,0.7,0.6,0.7,58700
ADC,20190328,15.1,15.1,15.1,15.1,200
AAV,20190327,9.7,10,9.5,10,323413
ACB,20190327,30.4,30.6,30.2,30.4,856984
ACM,20190327,0.7,0.7,0.6,0.6,139500
AAV,20190326,9.5,9.8,9.2,9.8,199900
ACB,20190326,30.2,30.4,30.1,30.3,1540206
ACM,20190326,0.6,0.7,0.6,0.7,26900
AAV,20190325,9.6,9.6,9.2,9.5,156247
ACB,20190325,30.4,30.4,29.9,30.1,2275202
ACM,20190325,0.6,0.7,0.6,0.6,137200
AAV,20190322,9.6,9.6,9.4,9.5,134600
ACB,20190322,30.4,30.7,30.4,30.5,1819172
ACM,20190322,0.7,0.7,0.6,0.7,99119
AAV,20190321,9.7,9.8,9.6,9.6,188249
ACB,20190321,31,31.4,30.4,30.4,2939770
ACM,20190321,0.6,0.7,0.6,0.7,70110
ADC,20190321,15.3,15.3,15.3,15.3,10
AAV,20190320,9.8,9.8,9.6,9.7,190650
ACB,20190320,31.4,31.4,30.7,31,3143264
ACM,20190320,0.7,0.7,0.6,0.7,99290
ADC,20190320,15.3,15.3,15.3,15.3,300
AAV,20190319,9.5,10,9.3,9.7,268530
ACB,20190319,32,32,31.2,31.3,2828856
ACM,20190319,0.7,0.8,0.7,0.7,140400
AAV,20190318,9.6,9.7,9.5,9.7,106100
ACB,20190318,31.8,32.2,31.7,31.9,3739699
ACM,20190318,0.7,0.8,0.6,0.8,501209
AAV,20190315,9.6,9.7,9.5,9.7,24116
ACB,20190315,31.6,31.8,31.3,31.7,2649931
ACM,20190315,0.7,0.8,0.7,0.7,751500
AAV,20190314,9.6,9.7,9.5,9.7,112600
ACB,20190314,31.4,32,31.3,31.5,2333220
ACM,20190314,0.7,0.8,0.6,0.8,248100
ADC,20190314,15.3,15.3,15.3,15.3,110
AAV,20190313,9.8,9.8,9.6,9.7,26376
ACB,20190313,31.1,31.7,30.9,31.4,5473410
ACM,20190313,0.8,0.8,0.7,0.7,232400
AAV,20190312,10.3,10.3,9.5,9.7,218516
ACB,20190312,30.5,30.9,30.3,30.9,2504257
ACM,20190312,0.8,0.8,0.6,0.8,559110
AAV,20190311,10.8,10.8,10.4,10.4,174014
ACB,20190311,30.3,30.6,30.2,30.4,1032198
ACM,20190311,0.7,0.8,0.7,0.7,65800
ADC,20190311,15.3,15.3,15.3,15.3,210
AAV,20190308,10.5,11.2,10.4,10.9,226647
ACB,20190308,30.4,30.6,30.2,30.3,1416810
ACM,20190308,0.7,0.8,0.7,0.8,94117
AAV,20190307,9.4,10.3,9.3,10.3,688154
ACB,20190307,30.4,30.7,30.3,30.5,3301746
ACM,20190307,0.8,0.9,0.7,0.8,876100
ADC,20190307,16.5,16.7,16.5,16.7,210
AAV,20190306,9.4,9.4,9.2,9.4,24200
ACB,20190306,30.2,30.4,30,30.3,1178516
ACM,20190306,0.7,0.8,0.7,0.8,1715360
ADC,20190306,17,17,17,17,75
AAV,20190305,9.4,9.5,9.3,9.4,63965
ACB,20190305,30.4,30.7,30.1,30.3,2465893
ACM,20190305,0.7,0.7,0.6,0.7,50600
AAV,20190304,9.4,9.5,9.3,9.4,47450
ACB,20190304,30,30.5,29.9,30.4,3120806
ACM,20190304,0.6,0.7,0.6,0.6,79100
AAV,20190301,9.5,9.5,9.3,9.4,16165
ACB,20190301,29.8,30.1,29.5,30,1478830
ACM,20190301,0.5,0.6,0.5,0.6,111700
ADC,20190301,17.5,17.5,17,17,300
